checked,route,dir,date,price,currency,airline,kind,via,duration_min,link
2026-10-05,ABJ,out,2026-10-16,285,EUR,Air Senegal,nonstop,,90,https://www.google.com/travel/flights/search?tfs=GhwSCjIwMjYtMTAtMTYoAWoFEgNDT09yBRIDQUJKQgEBSAGYAQI=&tfu=EgQIABABIgA&hl=en&curr=EUR
2026-10-05,ABJ,out,2026-10-24,451,EUR,Air Cote D'Ivoire,nonstop,,85,https://www.google.com/travel/flights/search?tfs=GhwSCjIwMjYtMTAtMjQoAWoFEgNDT09yBRIDQUJKQgEBSAGYAQI=&tfu=EgQIABABIgA&hl=en&curr=EUR
2026-10-05,ABJ,out,2026-11-01,285,EUR,Air Senegal,nonstop,,90,https://www.google.com/travel/flights/search?tfs=GhwSCjIwMjYtMTEtMDEoAWoFEgNDT09yBRIDQUJKQgEBSAGYAQI=&tfu=EgQIABABIgA&hl=en&curr=EUR
2026-10-05,ABJ,out,2026-11-09,285,EUR,Air Senegal,nonstop,,90,https://www.google.com/travel/flights/search?tfs=GhwSCjIwMjYtMTEtMDkoAWoFEgNDT09yBRIDQUJKQgEBSAGYAQI=&tfu=EgQIABABIgA&hl=en&curr=EUR
2026-10-05,ABJ,out,2026-11-17,346,EUR,Air Cote D'Ivoire,nonstop,,85,https://www.google.com/travel/flights/search?tfs=GhwSCjIwMjYtMTEtMTcoAWoFEgNDT09yBRIDQUJKQgEBSAGYAQI=&tfu=EgQIABABIgA&hl=en&curr=EUR
2026-10-05,ABJ,out,2026-11-25,285,EUR,Air Senegal,nonstop,,90,https://www.google.com/travel/flights/search?tfs=GhwSCjIwMjYtMTEtMjUoAWoFEgNDT09yBRIDQUJKQgEBSAGYAQI=&tfu=EgQIABABIgA&hl=en&curr=EUR
2026-10-05,ABJ,out,2026-12-03,374,EUR,Air Cote D'Ivoire,nonstop,,85,https://www.google.com/travel/flights/search?tfs=GhwSCjIwMjYtMTItMDMoAWoFEgNDT09yBRIDQUJKQgEBSAGYAQI=&tfu=EgQIABABIgA&hl=en&curr=EUR
2026-10-05,ABJ,out,2026-12-11,285,EUR,Air Senegal,nonstop,,90,https://www.google.com/travel/flights/search?tfs=GhwSCjIwMjYtMTItMTEoAWoFEgNDT09yBRIDQUJKQgEBSAGYAQI=&tfu=EgQIABABIgA&hl=en&curr=EUR
2026-10-05,ABJ,in,2026-10-30,185,EUR,Air Senegal,nonstop,,90,https://www.google.com/travel/flights/search?tfs=GhwSCjIwMjYtMTAtMzAoAWoFEgNBQkpyBRIDQ09PQgEBSAGYAQI=&tfu=EgQIABABIgA&hl=en&curr=EUR
2026-10-05,ABJ,in,2026-11-07,280,EUR,Air Cote D'Ivoire,nonstop,,85,https://www.google.com/travel/flights/search?tfs=GhwSCjIwMjYtMTEtMDcoAWoFEgNBQkpyBRIDQ09PQgEBSAGYAQI=&tfu=EgQIABABIgA&hl=en&curr=EUR
2026-10-05,ABJ,in,2026-11-15,185,EUR,Air Senegal,nonstop,,90,https://www.google.com/travel/flights/search?tfs=GhwSCjIwMjYtMTEtMTUoAWoFEgNBQkpyBRIDQ09PQgEBSAGYAQI=&tfu=EgQIABABIgA&hl=en&curr=EUR
2026-10-05,ABJ,in,2026-11-23,185,EUR,Air Senegal,nonstop,,90,https://www.google.com/travel/flights/search?tfs=GhwSCjIwMjYtMTEtMjMoAWoFEgNBQkpyBRIDQ09PQgEBSAGYAQI=&tfu=EgQIABABIgA&hl=en&curr=EUR
2026-10-05,ABJ,in,2026-12-01,264,EUR,Air Cote D'Ivoire,nonstop,,85,https://www.google.com/travel/flights/search?tfs=GhwSCjIwMjYtMTItMDEoAWoFEgNBQkpyBRIDQ09PQgEBSAGYAQI=&tfu=EgQIABABIgA&hl=en&curr=EUR
2026-10-05,ADD,out,2026-10-16,1101,EUR,Ethiopian,nonstop,,340,https://www.google.com/travel/flights/search?tfs=GhwSCjIwMjYtMTAtMTYoAWoFEgNDT09yBRIDQUREQgEBSAGYAQI=&tfu=EgQIABABIgA&hl=en&curr=EUR
2026-10-05,ADD,out,2026-10-24,1101,EUR,Ethiopian,nonstop,,340,https://www.google.com/travel/flights/search?tfs=GhwSCjIwMjYtMTAtMjQoAWoFEgNDT09yBRIDQUREQgEBSAGYAQI=&tfu=EgQIABABIgA&hl=en&curr=EUR
2026-10-05,AMS,out,2026-10-12,1347,EUR,Air France,change,CDG,460,https://www.google.com/travel/flights/search?tfs=GhwSCjIwMjYtMTAtMTIoAWoFEgNDT09yBRIDQ0RHQgEBSAGYAQI=&tfu=EgQIABABIgA&hl=en&curr=EUR
2026-10-05,AMS,out,2026-10-16,1296,EUR,Air France,change,CDG,460,https://www.google.com/travel/flights/search?tfs=GhwSCjIwMjYtMTAtMTYoAWoFEgNDT09yBRIDQ0RHQgEBSAGYAQI=&tfu=EgQIABABIgA&hl=en&curr=EUR
2026-10-05,AMS,out,2026-10-24,1143,EUR,"Air France, KLM",change,CDG,460,https://www.google.com/travel/flights/search?tfs=GhwSCjIwMjYtMTAtMjQoAWoFEgNDT09yBRIDQ0RHQgEBSAGYAQI=&tfu=EgQIABABIgA&hl=en&curr=EUR
2026-10-05,AMS,out,2026-10-28,1046,EUR,Air France,change,CDG,485,https://www.google.com/travel/flights/search?tfs=GhwSCjIwMjYtMTAtMjgoAWoFEgNDT09yBRIDQ0RHQgEBSAGYAQI=&tfu=EgQIABABIgA&hl=en&curr=EUR
2026-10-05,AMS,out,2026-11-01,1037,EUR,"Air France, KLM",change,CDG,475,https://www.google.com/travel/flights/search?tfs=GhwSCjIwMjYtMTEtMDEoAWoFEgNDT09yBRIDQ0RHQgEBSAGYAQI=&tfu=EgQIABABIgA&hl=en&curr=EUR
2026-10-05,AMS,out,2026-11-09,669,EUR,Air France,change,CDG,485,https://www.google.com/travel/flights/search?tfs=GhwSCjIwMjYtMTEtMDkoAWoFEgNDT09yBRIDQ0RHQgEBSAGYAQI=&tfu=EgQIABABIgA&hl=en&curr=EUR
2026-10-05,AMS,out,2026-11-13,632,EUR,"Air France, KLM",change,CDG,480,https://www.google.com/travel/flights/search?tfs=GhwSCjIwMjYtMTEtMTMoAWoFEgNDT09yBRIDQ0RHQgEBSAGYAQI=&tfu=EgQIABABIgA&hl=en&curr=EUR
2026-10-05,AMS,out,2026-11-17,632,EUR,"Air France, KLM",change,CDG,480,https://www.google.com/travel/flights/search?tfs=GhwSCjIwMjYtMTEtMTcoAWoFEgNDT09yBRIDQ0RHQgEBSAGYAQI=&tfu=EgQIABABIgA&hl=en&curr=EUR
2026-10-05,AMS,out,2026-11-25,605,EUR,Air France,change,CDG,485,https://www.google.com/travel/flights/search?tfs=GhwSCjIwMjYtMTEtMjUoAWoFEgNDT09yBRIDQ0RHQgEBSAGYAQI=&tfu=EgQIABABIgA&hl=en&curr=EUR
2026-10-05,AMS,out,2026-11-29,632,EUR,"Air France, KLM",change,CDG,480,https://www.google.com/travel/flights/search?tfs=GhwSCjIwMjYtMTEtMjkoAWoFEgNDT09yBRIDQ0RHQgEBSAGYAQI=&tfu=EgQIABABIgA&hl=en&curr=EUR
2026-10-05,AMS,out,2026-12-07,606,EUR,"Air France, KLM",change,CDG,480,https://www.google.com/travel/flights/search?tfs=GhwSCjIwMjYtMTItMDcoAWoFEgNDT09yBRIDQ0RHQgEBSAGYAQI=&tfu=EgQIABABIgA&hl=en&curr=EUR
2026-10-05,AMS,out,2026-12-11,605,EUR,Air France,change,CDG,485,https://www.google.com/travel/flights/search?tfs=GhwSCjIwMjYtMTItMTEoAWoFEgNDT09yBRIDQ0RHQgEBSAGYAQI=&tfu=EgQIABABIgA&hl=en&curr=EUR
2026-10-05,AMS,out,2026-12-19,606,EUR,"Air France, KLM",change,CDG,480,https://www.google.com/travel/flights/search?tfs=GhwSCjIwMjYtMTItMTkoAWoFEgNDT09yBRIDQ0RHQgEBSAGYAQI=&tfu=EgQIABABIgA&hl=en&curr=EUR
2026-10-05,AMS,out,2026-12-23,605,EUR,Air France,change,CDG,485,https://www.google.com/travel/flights/search?tfs=GhwSCjIwMjYtMTItMjMoAWoFEgNDT09yBRIDQ0RHQgEBSAGYAQI=&tfu=EgQIABABIgA&hl=en&curr=EUR
2026-10-05,AMS,out,2026-12-27,797,EUR,Air France,change,CDG,485,https://www.google.com/travel/flights/search?tfs=GhwSCjIwMjYtMTItMjcoAWoFEgNDT09yBRIDQ0RHQgEBSAGYAQI=&tfu=EgQIABABIgA&hl=en&curr=EUR
2026-10-05,AMS,out,2026-12-31,1097,EUR,Air France,change,CDG,485,https://www.google.com/travel/flights/search?tfs=GhwSCjIwMjYtMTItMzEoAWoFEgNDT09yBRIDQ0RHQgEBSAGYAQI=&tfu=EgQIABABIgA&hl=en&curr=EUR
2026-10-05,AMS,out,2027-01-04,1141,EUR,Air France,change,CDG,485,https://www.google.com/travel/flights/search?tfs=GhwSCjIwMjctMDEtMDQoAWoFEgNDT09yBRIDQ0RHQgEBSAGYAQI=&tfu=EgQIABABIgA&hl=en&curr=EUR
2026-10-05,AMS,out,2027-01-08,1072,EUR,Air France,change,CDG,485,https://www.google.com/travel/flights/search?tfs=GhwSCjIwMjctMDEtMDgoAWoFEgNDT09yBRIDQ0RHQgEBSAGYAQI=&tfu=EgQIABABIgA&hl=en&curr=EUR
2026-10-05,AMS,out,2027-01-16,1088,EUR,Air France,change,CDG,485,https://www.google.com/travel/flights/search?tfs=GhwSCjIwMjctMDEtMTYoAWoFEgNDT09yBRIDQ0RHQgEBSAGYAQI=&tfu=EgQIABABIgA&hl=en&curr=EUR
2026-10-05,AMS,out,2027-01-20,903,EUR,Air France,change,CDG,485,https://www.google.com/travel/flights/search?tfs=GhwSCjIwMjctMDEtMjAoAWoFEgNDT09yBRIDQ0RHQgEBSAGYAQI=&tfu=EgQIABABIgA&hl=en&curr=EUR
2026-10-05,AMS,out,2027-01-24,904,EUR,"Air France, KLM",change,CDG,480,https://www.google.com/travel/flights/search?tfs=GhwSCjIwMjctMDEtMjQoAWoFEgNDT09yBRIDQ0RHQgEBSAGYAQI=&tfu=EgQIABABIgA&hl=en&curr=EUR
2026-10-05,AMS,out,2027-02-01,605,EUR,Air France,change,CDG,485,https://www.google.com/travel/flights/search?tfs=GhwSCjIwMjctMDItMDEoAWoFEgNDT09yBRIDQ0RHQgEBSAGYAQI=&tfu=EgQIABABIgA&hl=en&curr=EUR
2026-10-05,AMS,out,2027-02-05,764,EUR,Air France,change,CDG,485,https://www.google.com/travel/flights/search?tfs=GhwSCjIwMjctMDItMDUoAWoFEgNDT09yBRIDQ0RHQgEBSAGYAQI=&tfu=EgQIABABIgA&hl=en&curr=EUR
2026-10-05,AMS,out,2027-02-13,631,EUR,Air France,change,CDG,485,https://www.google.com/travel/flights/search?tfs=GhwSCjIwMjctMDItMTMoAWoFEgNDT09yBRIDQ0RHQgEBSAGYAQI=&tfu=EgQIABABIgA&hl=en&curr=EUR
2026-10-05,AMS,out,2027-02-17,903,EUR,Air France,change,CDG,485,https://www.google.com/travel/flights/search?tfs=GhwSCjIwMjctMDItMTcoAWoFEgNDT09yBRIDQ0RHQgEBSAGYAQI=&tfu=EgQIABABIgA&hl=en&curr=EUR
2026-10-05,AMS,out,2027-02-21,915,EUR,"Air France, KLM",change,CDG,480,https://www.google.com/travel/flights/search?tfs=GhwSCjIwMjctMDItMjEoAWoFEgNDT09yBRIDQ0RHQgEBSAGYAQI=&tfu=EgQIABABIgA&hl=en&curr=EUR
2026-10-05,AMS,out,2027-03-01,689,EUR,Air France,change,CDG,485,https://www.google.com/travel/flights/search?tfs=GhwSCjIwMjctMDMtMDEoAWoFEgNDT09yBRIDQ0RHQgEBSAGYAQI=&tfu=EgQIABABIgA&hl=en&curr=EUR
2026-10-05,AMS,in,2026-11-02,1165,EUR,Air France,change,CDG,485,https://www.google.com/travel/flights/search?tfs=GhwSCjIwMjYtMTEtMDIoAWoFEgNDREdyBRIDQ09PQgEBSAGYAQI=&tfu=EgQIABABIgA&hl=en&curr=EUR
2026-10-05,AMS,in,2026-11-06,1057,EUR,"KLM, Air France",change,CDG,485,https://www.google.com/travel/flights/search?tfs=GhwSCjIwMjYtMTEtMDYoAWoFEgNDREdyBRIDQ09PQgEBSAGYAQI=&tfu=EgQIABABIgA&hl=en&curr=EUR
2026-10-05,AMS,in,2026-11-09,1068,EUR,"KLM, Air France",change,CDG,485,https://www.google.com/travel/flights/search?tfs=GhwSCjIwMjYtMTEtMDkoAWoFEgNDREdyBRIDQ09PQgEBSAGYAQI=&tfu=EgQIABABIgA&hl=en&curr=EUR
2026-10-05,AMS,in,2026-11-10,1068,EUR,"KLM, Air France",change,CDG,485,https://www.google.com/travel/flights/search?tfs=GhwSCjIwMjYtMTEtMTAoAWoFEgNDREdyBRIDQ09PQgEBSAGYAQI=&tfu=EgQIABABIgA&hl=en&curr=EUR
2026-10-05,AMS,in,2026-11-13,1057,EUR,"KLM, Air France",change,CDG,485,https://www.google.com/travel/flights/search?tfs=GhwSCjIwMjYtMTEtMTMoAWoFEgNDREdyBRIDQ09PQgEBSAGYAQI=&tfu=EgQIABABIgA&hl=en&curr=EUR
2026-10-05,AMS,in,2026-11-17,1028,EUR,"KLM, Air France",change,CDG,485,https://www.google.com/travel/flights/search?tfs=GhwSCjIwMjYtMTEtMTcoAWoFEgNDREdyBRIDQ09PQgEBSAGYAQI=&tfu=EgQIABABIgA&hl=en&curr=EUR
2026-10-05,AMS,in,2026-11-18,1028,EUR,"KLM, Air France",change,CDG,485,https://www.google.com/travel/flights/search?tfs=GhwSCjIwMjYtMTEtMTgoAWoFEgNDREdyBRIDQ09PQgEBSAGYAQI=&tfu=EgQIABABIgA&hl=en&curr=EUR
2026-10-05,AMS,in,2026-11-22,997,EUR,"KLM, Air France",change,CDG,485,https://www.google.com/travel/flights/search?tfs=GhwSCjIwMjYtMTEtMjIoAWoFEgNDREdyBRIDQ09PQgEBSAGYAQI=&tfu=EgQIABABIgA&hl=en&curr=EUR
2026-10-05,AMS,in,2026-11-25,997,EUR,"KLM, Air France",change,CDG,485,https://www.google.com/travel/flights/search?tfs=GhwSCjIwMjYtMTEtMjUoAWoFEgNDREdyBRIDQ09PQgEBSAGYAQI=&tfu=EgQIABABIgA&hl=en&curr=EUR
2026-10-05,AMS,in,2026-11-29,997,EUR,"KLM, Air France",change,CDG,485,https://www.google.com/travel/flights/search?tfs=GhwSCjIwMjYtMTEtMjkoAWoFEgNDREdyBRIDQ09PQgEBSAGYAQI=&tfu=EgQIABABIgA&hl=en&curr=EUR
2026-10-05,AMS,in,2026-11-30,997,EUR,"KLM, Air France",change,CDG,485,https://www.google.com/travel/flights/search?tfs=GhwSCjIwMjYtMTEtMzAoAWoFEgNDREdyBRIDQ09PQgEBSAGYAQI=&tfu=EgQIABABIgA&hl=en&curr=EUR
2026-10-05,AMS,in,2026-12-04,944,EUR,"KLM, Air France",change,CDG,485,https://www.google.com/travel/flights/search?tfs=GhwSCjIwMjYtMTItMDQoAWoFEgNDREdyBRIDQ09PQgEBSAGYAQI=&tfu=EgQIABABIgA&hl=en&curr=EUR
2026-10-05,AMS,in,2026-12-07,939,EUR,"KLM, Air France",change,CDG,485,https://www.google.com/travel/flights/search?tfs=GhwSCjIwMjYtMTItMDcoAWoFEgNDREdyBRIDQ09PQgEBSAGYAQI=&tfu=EgQIABABIgA&hl=en&curr=EUR
2026-10-05,AMS,in,2026-12-08,939,EUR,"KLM, Air France",change,CDG,485,https://www.google.com/travel/flights/search?tfs=GhwSCjIwMjYtMTItMDgoAWoFEgNDREdyBRIDQ09PQgEBSAGYAQI=&tfu=EgQIABABIgA&hl=en&curr=EUR
2026-10-05,AMS,in,2026-12-11,944,EUR,"KLM, Air France",change,CDG,485,https://www.google.com/travel/flights/search?tfs=GhwSCjIwMjYtMTItMTEoAWoFEgNDREdyBRIDQ09PQgEBSAGYAQI=&tfu=EgQIABABIgA&hl=en&curr=EUR
2026-10-05,AMS,in,2026-12-16,1175,EUR,"KLM, Air France",change,CDG,485,https://www.google.com/travel/flights/search?tfs=GhwSCjIwMjYtMTItMTYoAWoFEgNDREdyBRIDQ09PQgEBSAGYAQI=&tfu=EgQIABABIgA&hl=en&curr=EUR
2026-10-05,AMS,in,2026-12-19,1381,EUR,"KLM, Air France",change,CDG,475,https://www.google.com/travel/flights/search?tfs=GhwSCjIwMjYtMTItMTkoAWoFEgNDREdyBRIDQ09PQgEBSAGYAQI=&tfu=EgQIABABIgA&hl=en&curr=EUR
2026-10-05,AMS,in,2026-12-20,1223,EUR,"KLM, Air France",change,CDG,485,https://www.google.com/travel/flights/search?tfs=GhwSCjIwMjYtMTItMjAoAWoFEgNDREdyBRIDQ09PQgEBSAGYAQI=&tfu=EgQIABABIgA&hl=en&curr=EUR
2026-10-05,AMS,in,2026-12-23,1186,EUR,"KLM, Air France",change,CDG,485,https://www.google.com/travel/flights/search?tfs=GhwSCjIwMjYtMTItMjMoAWoFEgNDREdyBRIDQ09PQgEBSAGYAQI=&tfu=EgQIABABIgA&hl=en&curr=EUR
2026-10-05,AMS,in,2026-12-24,1155,EUR,"KLM, Air France",change,CDG,485,https://www.google.com/travel/flights/search?tfs=GhwSCjIwMjYtMTItMjQoAWoFEgNDREdyBRIDQ09PQgEBSAGYAQI=&tfu=EgQIABABIgA&hl=en&curr=EUR
2026-10-05,AMS,in,2026-12-27,1041,EUR,"KLM, Air France",change,CDG,485,https://www.google.com/travel/flights/search?tfs=GhwSCjIwMjYtMTItMjcoAWoFEgNDREdyBRIDQ09PQgEBSAGYAQI=&tfu=EgQIABABIgA&hl=en&curr=EUR
2026-10-05,AMS,in,2026-12-28,1054,EUR,"KLM, Air France",change,CDG,485,https://www.google.com/travel/flights/search?tfs=GhwSCjIwMjYtMTItMjgoAWoFEgNDREdyBRIDQ09PQgEBSAGYAQI=&tfu=EgQIABABIgA&hl=en&curr=EUR
2026-10-05,AMS,in,2026-12-31,939,EUR,"KLM, Air France",change,CDG,485,https://www.google.com/travel/flights/search?tfs=GhwSCjIwMjYtMTItMzEoAWoFEgNDREdyBRIDQ09PQgEBSAGYAQI=&tfu=EgQIABABIgA&hl=en&curr=EUR
2026-10-05,AMS,in,2027-01-01,939,EUR,"KLM, Air France",change,CDG,485,https://www.google.com/travel/flights/search?tfs=GhwSCjIwMjctMDEtMDEoAWoFEgNDREdyBRIDQ09PQgEBSAGYAQI=&tfu=EgQIABABIgA&hl=en&curr=EUR
2026-10-05,AMS,in,2027-01-04,939,EUR,"KLM, Air France",change,CDG,485,https://www.google.com/travel/flights/search?tfs=GhwSCjIwMjctMDEtMDQoAWoFEgNDREdyBRIDQ09PQgEBSAGYAQI=&tfu=EgQIABABIgA&hl=en&curr=EUR
2026-10-05,AMS,in,2027-01-08,944,EUR,"KLM, Air France",change,CDG,485,https://www.google.com/travel/flights/search?tfs=GhwSCjIwMjctMDEtMDgoAWoFEgNDREdyBRIDQ09PQgEBSAGYAQI=&tfu=EgQIABABIgA&hl=en&curr=EUR
2026-10-05,AMS,in,2027-01-09,944,EUR,"KLM, Air France",change,CDG,475,https://www.google.com/travel/flights/search?tfs=GhwSCjIwMjctMDEtMDkoAWoFEgNDREdyBRIDQ09PQgEBSAGYAQI=&tfu=EgQIABABIgA&hl=en&curr=EUR
2026-10-05,AMS,in,2027-01-13,944,EUR,"KLM, Air France",change,CDG,485,https://www.google.com/travel/flights/search?tfs=GhwSCjIwMjctMDEtMTMoAWoFEgNDREdyBRIDQ09PQgEBSAGYAQI=&tfu=EgQIABABIgA&hl=en&curr=EUR
2026-10-05,AMS,in,2027-01-16,944,EUR,"KLM, Air France",change,CDG,475,https://www.google.com/travel/flights/search?tfs=GhwSCjIwMjctMDEtMTYoAWoFEgNDREdyBRIDQ09PQgEBSAGYAQI=&tfu=EgQIABABIgA&hl=en&curr=EUR
2026-10-05,AMS,in,2027-01-17,944,EUR,Air France,change,CDG,485,https://www.google.com/travel/flights/search?tfs=GhwSCjIwMjctMDEtMTcoAWoFEgNDREdyBRIDQ09PQgEBSAGYAQI=&tfu=EgQIABABIgA&hl=en&curr=EUR
2026-10-05,AMS,in,2027-01-20,944,EUR,"KLM, Air France",change,CDG,485,https://www.google.com/travel/flights/search?tfs=GhwSCjIwMjctMDEtMjAoAWoFEgNDREdyBRIDQ09PQgEBSAGYAQI=&tfu=EgQIABABIgA&hl=en&curr=EUR
2026-10-05,AMS,in,2027-01-24,954,EUR,"KLM, Air France",change,CDG,475,https://www.google.com/travel/flights/search?tfs=GhwSCjIwMjctMDEtMjQoAWoFEgNDREdyBRIDQ09PQgEBSAGYAQI=&tfu=EgQIABABIgA&hl=en&curr=EUR
2026-10-05,AMS,in,2027-01-25,944,EUR,"KLM, Air France",change,CDG,485,https://www.google.com/travel/flights/search?tfs=GhwSCjIwMjctMDEtMjUoAWoFEgNDREdyBRIDQ09PQgEBSAGYAQI=&tfu=EgQIABABIgA&hl=en&curr=EUR
2026-10-05,AMS,in,2027-01-29,944,EUR,"KLM, Air France",change,CDG,485,https://www.google.com/travel/flights/search?tfs=GhwSCjIwMjctMDEtMjkoAWoFEgNDREdyBRIDQ09PQgEBSAGYAQI=&tfu=EgQIABABIgA&hl=en&curr=EUR
2026-10-05,AMS,in,2027-02-01,944,EUR,"KLM, Air France",change,CDG,485,https://www.google.com/travel/flights/search?tfs=GhwSCjIwMjctMDItMDEoAWoFEgNDREdyBRIDQ09PQgEBSAGYAQI=&tfu=EgQIABABIgA&hl=en&curr=EUR
2026-10-05,AMS,in,2027-02-05,944,EUR,"KLM, Air France",change,CDG,485,https://www.google.com/travel/flights/search?tfs=GhwSCjIwMjctMDItMDUoAWoFEgNDREdyBRIDQ09PQgEBSAGYAQI=&tfu=EgQIABABIgA&hl=en&curr=EUR
2026-10-05,AMS,in,2027-02-06,944,EUR,"KLM, Air France",change,CDG,475,https://www.google.com/travel/flights/search?tfs=GhwSCjIwMjctMDItMDYoAWoFEgNDREdyBRIDQ09PQgEBSAGYAQI=&tfu=EgQIABABIgA&hl=en&curr=EUR
2026-10-05,AMS,in,2027-02-10,944,EUR,"KLM, Air France",change,CDG,485,https://www.google.com/travel/flights/search?tfs=GhwSCjIwMjctMDItMTAoAWoFEgNDREdyBRIDQ09PQgEBSAGYAQI=&tfu=EgQIABABIgA&hl=en&curr=EUR
2026-10-05,AMS,in,2027-02-13,975,EUR,"KLM, Air France",change,CDG,475,https://www.google.com/travel/flights/search?tfs=GhwSCjIwMjctMDItMTMoAWoFEgNDREdyBRIDQ09PQgEBSAGYAQI=&tfu=EgQIABABIgA&hl=en&curr=EUR
2026-10-05,AMS,in,2027-02-14,944,EUR,"KLM, Air France",change,CDG,475,https://www.google.com/travel/flights/search?tfs=GhwSCjIwMjctMDItMTQoAWoFEgNDREdyBRIDQ09PQgEBSAGYAQI=&tfu=EgQIABABIgA&hl=en&curr=EUR
2026-10-05,AMS,in,2027-02-17,944,EUR,"KLM, Air France",change,CDG,485,https://www.google.com/travel/flights/search?tfs=GhwSCjIwMjctMDItMTcoAWoFEgNDREdyBRIDQ09PQgEBSAGYAQI=&tfu=EgQIABABIgA&hl=en&curr=EUR
2026-10-05,AMS,in,2027-02-21,944,EUR,"KLM, Air France",change,CDG,485,https://www.google.com/travel/flights/search?tfs=GhwSCjIwMjctMDItMjEoAWoFEgNDREdyBRIDQ09PQgEBSAGYAQI=&tfu=EgQIABABIgA&hl=en&curr=EUR
2026-10-05,AMS,in,2027-02-22,944,EUR,"KLM, Air France",change,CDG,485,https://www.google.com/travel/flights/search?tfs=GhwSCjIwMjctMDItMjIoAWoFEgNDREdyBRIDQ09PQgEBSAGYAQI=&tfu=EgQIABABIgA&hl=en&curr=EUR
2026-10-05,AMS,in,2027-02-26,944,EUR,"KLM, Air France",change,CDG,485,https://www.google.com/travel/flights/search?tfs=GhwSCjIwMjctMDItMjYoAWoFEgNDREdyBRIDQ09PQgEBSAGYAQI=&tfu=EgQIABABIgA&hl=en&curr=EUR
2026-10-05,AMS,in,2027-03-01,944,EUR,"KLM, Air France",change,CDG,485,https://www.google.com/travel/flights/search?tfs=GhwSCjIwMjctMDMtMDEoAWoFEgNDREdyBRIDQ09PQgEBSAGYAQI=&tfu=EgQIABABIgA&hl=en&curr=EUR
2026-10-05,AMS,in,2027-03-05,944,EUR,"KLM, Air France",change,CDG,485,https://www.google.com/travel/flights/search?tfs=GhwSCjIwMjctMDMtMDUoAWoFEgNDREdyBRIDQ09PQgEBSAGYAQI=&tfu=EgQIABABIgA&hl=en&curr=EUR
2026-10-05,AMS,in,2027-03-06,944,EUR,"KLM, Air France",change,CDG,485,https://www.google.com/travel/flights/search?tfs=GhwSCjIwMjctMDMtMDYoAWoFEgNDREdyBRIDQ09PQgEBSAGYAQI=&tfu=EgQIABABIgA&hl=en&curr=EUR
2026-10-05,AMS,in,2027-03-09,944,EUR,"KLM, Air France",change,CDG,485,https://www.google.com/travel/flights/search?tfs=GhwSCjIwMjctMDMtMDkoAWoFEgNDREdyBRIDQ09PQgEBSAGYAQI=&tfu=EgQIABABIgA&hl=en&curr=EUR
2026-10-05,AMS,in,2027-03-10,944,EUR,"KLM, Air France",change,CDG,485,https://www.google.com/travel/flights/search?tfs=GhwSCjIwMjctMDMtMTAoAWoFEgNDREdyBRIDQ09PQgEBSAGYAQI=&tfu=EgQIABABIgA&hl=en&curr=EUR
2026-10-05,AMS,in,2027-03-14,944,EUR,"KLM, Air France",change,CDG,485,https://www.google.com/travel/flights/search?tfs=GhwSCjIwMjctMDMtMTQoAWoFEgNDREdyBRIDQ09PQgEBSAGYAQI=&tfu=EgQIABABIgA&hl=en&curr=EUR
2026-10-05,AMS,in,2027-03-17,944,EUR,"KLM, Air France",change,CDG,485,https://www.google.com/travel/flights/search?tfs=GhwSCjIwMjctMDMtMTcoAWoFEgNDREdyBRIDQ09PQgEBSAGYAQI=&tfu=EgQIABABIgA&hl=en&curr=EUR
2026-10-05,AMS,in,2027-03-21,944,EUR,"KLM, Air France",change,CDG,485,https://www.google.com/travel/flights/search?tfs=GhwSCjIwMjctMDMtMjEoAWoFEgNDREdyBRIDQ09PQgEBSAGYAQI=&tfu=EgQIABABIgA&hl=en&curr=EUR
2026-10-05,AMS,in,2027-03-22,944,EUR,"KLM, Air France",change,CDG,485,https://www.google.com/travel/flights/search?tfs=GhwSCjIwMjctMDMtMjIoAWoFEgNDREdyBRIDQ09PQgEBSAGYAQI=&tfu=EgQIABABIgA&hl=en&curr=EUR
2026-10-05,AMS,in,2027-03-25,944,EUR,"KLM, Air France",change,CDG,485,https://www.google.com/travel/flights/search?tfs=GhwSCjIwMjctMDMtMjUoAWoFEgNDREdyBRIDQ09PQgEBSAGYAQI=&tfu=EgQIABABIgA&hl=en&curr=EUR
2026-10-05,AMS,in,2027-03-29,959,EUR,"KLM, Air France",change,CDG,480,https://www.google.com/travel/flights/search?tfs=GhwSCjIwMjctMDMtMjkoAWoFEgNDREdyBRIDQ09PQgEBSAGYAQI=&tfu=EgQIABABIgA&hl=en&curr=EUR
2026-10-05,BRU,out,2026-10-12,706,EUR,Brussels Airlines,nonstop,,390,https://www.google.com/travel/flights/search?tfs=GhwSCjIwMjYtMTAtMTIoAWoFEgNDT09yBRIDQlJVQgEBSAGYAQI=&tfu=EgQIABABIgA&hl=en&curr=EUR
2026-10-05,BRU,out,2026-10-24,706,EUR,Brussels Airlines,nonstop,,390,https://www.google.com/travel/flights/search?tfs=GhwSCjIwMjYtMTAtMjQoAWoFEgNDT09yBRIDQlJVQgEBSAGYAQI=&tfu=EgQIABABIgA&hl=en&curr=EUR
2026-10-05,BRU,out,2026-11-17,706,EUR,Brussels Airlines,nonstop,,400,https://www.google.com/travel/flights/search?tfs=GhwSCjIwMjYtMTEtMTcoAWoFEgNDT09yBRIDQlJVQgEBSAGYAQI=&tfu=EgQIABABIgA&hl=en&curr=EUR
2026-10-05,BRU,out,2026-11-21,706,EUR,Brussels Airlines,nonstop,,400,https://www.google.com/travel/flights/search?tfs=GhwSCjIwMjYtMTEtMjEoAWoFEgNDT09yBRIDQlJVQgEBSAGYAQI=&tfu=EgQIABABIgA&hl=en&curr=EUR
2026-10-05,BRU,out,2026-12-15,706,EUR,Brussels Airlines,nonstop,,400,https://www.google.com/travel/flights/search?tfs=GhwSCjIwMjYtMTItMTUoAWoFEgNDT09yBRIDQlJVQgEBSAGYAQI=&tfu=EgQIABABIgA&hl=en&curr=EUR
2026-10-05,BRU,out,2026-12-19,706,EUR,Brussels Airlines,nonstop,,400,https://www.google.com/travel/flights/search?tfs=GhwSCjIwMjYtMTItMTkoAWoFEgNDT09yBRIDQlJVQgEBSAGYAQI=&tfu=EgQIABABIgA&hl=en&curr=EUR
2026-10-05,BRU,out,2026-12-27,706,EUR,Brussels Airlines,same-plane,ACC,475,https://www.google.com/travel/flights/search?tfs=GhwSCjIwMjYtMTItMjcoAWoFEgNDT09yBRIDQlJVQgEBSAGYAQI=&tfu=EgQIABABIgA&hl=en&curr=EUR
2026-10-05,BRU,out,2026-12-31,706,EUR,Brussels Airlines,same-plane,ACC,475,https://www.google.com/travel/flights/search?tfs=GhwSCjIwMjYtMTItMzEoAWoFEgNDT09yBRIDQlJVQgEBSAGYAQI=&tfu=EgQIABABIgA&hl=en&curr=EUR
2026-10-05,BRU,out,2027-01-12,1447,EUR,Brussels Airlines,nonstop,,400,https://www.google.com/travel/flights/search?tfs=GhwSCjIwMjctMDEtMTIoAWoFEgNDT09yBRIDQlJVQgEBSAGYAQI=&tfu=EgQIABABIgA&hl=en&curr=EUR
2026-10-05,BRU,out,2027-01-16,816,EUR,Brussels Airlines,nonstop,,400,https://www.google.com/travel/flights/search?tfs=GhwSCjIwMjctMDEtMTYoAWoFEgNDT09yBRIDQlJVQgEBSAGYAQI=&tfu=EgQIABABIgA&hl=en&curr=EUR
2026-10-05,BRU,out,2027-01-24,706,EUR,Brussels Airlines,same-plane,ACC,475,https://www.google.com/travel/flights/search?tfs=GhwSCjIwMjctMDEtMjQoAWoFEgNDT09yBRIDQlJVQgEBSAGYAQI=&tfu=EgQIABABIgA&hl=en&curr=EUR
2026-10-05,BRU,out,2027-01-28,706,EUR,Brussels Airlines,same-plane,ACC,475,https://www.google.com/travel/flights/search?tfs=GhwSCjIwMjctMDEtMjgoAWoFEgNDT09yBRIDQlJVQgEBSAGYAQI=&tfu=EgQIABABIgA&hl=en&curr=EUR
2026-10-05,BRU,out,2027-02-09,706,EUR,Brussels Airlines,nonstop,,400,https://www.google.com/travel/flights/search?tfs=GhwSCjIwMjctMDItMDkoAWoFEgNDT09yBRIDQlJVQgEBSAGYAQI=&tfu=EgQIABABIgA&hl=en&curr=EUR
2026-10-05,BRU,out,2027-02-13,706,EUR,Brussels Airlines,nonstop,,400,https://www.google.com/travel/flights/search?tfs=GhwSCjIwMjctMDItMTMoAWoFEgNDT09yBRIDQlJVQgEBSAGYAQI=&tfu=EgQIABABIgA&hl=en&curr=EUR
2026-10-05,BRU,out,2027-02-25,706,EUR,Brussels Airlines,same-plane,ACC,475,https://www.google.com/travel/flights/search?tfs=GhwSCjIwMjctMDItMjUoAWoFEgNDT09yBRIDQlJVQgEBSAGYAQI=&tfu=EgQIABABIgA&hl=en&curr=EUR
2026-10-05,BRU,in,2026-11-10,695,EUR,Brussels Airlines,same-plane,ACC,470,https://www.google.com/travel/flights/search?tfs=GhwSCjIwMjYtMTEtMTAoAWoFEgNCUlVyBRIDQ09PQgEBSAGYAQI=&tfu=EgQIABABIgA&hl=en&curr=EUR
2026-10-05,BRU,in,2026-11-14,695,EUR,Brussels Airlines,same-plane,ACC,470,https://www.google.com/travel/flights/search?tfs=GhwSCjIwMjYtMTEtMTQoAWoFEgNCUlVyBRIDQ09PQgEBSAGYAQI=&tfu=EgQIABABIgA&hl=en&curr=EUR
2026-10-05,BRU,in,2026-11-17,695,EUR,Brussels Airlines,same-plane,ACC,470,https://www.google.com/travel/flights/search?tfs=GhwSCjIwMjYtMTEtMTcoAWoFEgNCUlVyBRIDQ09PQgEBSAGYAQI=&tfu=EgQIABABIgA&hl=en&curr=EUR
2026-10-05,BRU,in,2026-11-21,695,EUR,Brussels Airlines,same-plane,ACC,470,https://www.google.com/travel/flights/search?tfs=GhwSCjIwMjYtMTEtMjEoAWoFEgNCUlVyBRIDQ09PQgEBSAGYAQI=&tfu=EgQIABABIgA&hl=en&curr=EUR
2026-10-05,BRU,in,2026-11-22,695,EUR,Brussels Airlines,nonstop,,400,https://www.google.com/travel/flights/search?tfs=GhwSCjIwMjYtMTEtMjIoAWoFEgNCUlVyBRIDQ09PQgEBSAGYAQI=&tfu=EgQIABABIgA&hl=en&curr=EUR
2026-10-05,BRU,in,2026-11-26,695,EUR,Brussels Airlines,nonstop,,400,https://www.google.com/travel/flights/search?tfs=GhwSCjIwMjYtMTEtMjYoAWoFEgNCUlVyBRIDQ09PQgEBSAGYAQI=&tfu=EgQIABABIgA&hl=en&curr=EUR
2026-10-05,BRU,in,2026-11-29,695,EUR,Brussels Airlines,nonstop,,400,https://www.google.com/travel/flights/search?tfs=GhwSCjIwMjYtMTEtMjkoAWoFEgNCUlVyBRIDQ09PQgEBSAGYAQI=&tfu=EgQIABABIgA&hl=en&curr=EUR
2026-10-05,BRU,in,2026-12-03,695,EUR,Brussels Airlines,nonstop,,400,https://www.google.com/travel/flights/search?tfs=GhwSCjIwMjYtMTItMDMoAWoFEgNCUlVyBRIDQ09PQgEBSAGYAQI=&tfu=EgQIABABIgA&hl=en&curr=EUR
2026-10-05,BRU,in,2026-12-08,695,EUR,Brussels Airlines,same-plane,ACC,470,https://www.google.com/travel/flights/search?tfs=GhwSCjIwMjYtMTItMDgoAWoFEgNCUlVyBRIDQ09PQgEBSAGYAQI=&tfu=EgQIABABIgA&hl=en&curr=EUR
2026-10-05,BRU,in,2026-12-12,695,EUR,Brussels Airlines,same-plane,ACC,470,https://www.google.com/travel/flights/search?tfs=GhwSCjIwMjYtMTItMTIoAWoFEgNCUlVyBRIDQ09PQgEBSAGYAQI=&tfu=EgQIABABIgA&hl=en&curr=EUR
2026-10-05,BRU,in,2026-12-15,789,EUR,Brussels Airlines,same-plane,ACC,470,https://www.google.com/travel/flights/search?tfs=GhwSCjIwMjYtMTItMTUoAWoFEgNCUlVyBRIDQ09PQgEBSAGYAQI=&tfu=EgQIABABIgA&hl=en&curr=EUR
2026-10-05,BRU,in,2026-12-19,1152,EUR,Brussels Airlines,same-plane,ACC,470,https://www.google.com/travel/flights/search?tfs=GhwSCjIwMjYtMTItMTkoAWoFEgNCUlVyBRIDQ09PQgEBSAGYAQI=&tfu=EgQIABABIgA&hl=en&curr=EUR
2026-10-05,BRU,in,2026-12-20,1031,EUR,Brussels Airlines,nonstop,,400,https://www.google.com/travel/flights/search?tfs=GhwSCjIwMjYtMTItMjAoAWoFEgNCUlVyBRIDQ09PQgEBSAGYAQI=&tfu=EgQIABABIgA&hl=en&curr=EUR
2026-10-05,BRU,in,2026-12-24,685,EUR,Brussels Airlines,nonstop,,400,https://www.google.com/travel/flights/search?tfs=GhwSCjIwMjYtMTItMjQoAWoFEgNCUlVyBRIDQ09PQgEBSAGYAQI=&tfu=EgQIABABIgA&hl=en&curr=EUR
2026-10-05,BRU,in,2026-12-27,682,EUR,Brussels Airlines,nonstop,,400,https://www.google.com/travel/flights/search?tfs=GhwSCjIwMjYtMTItMjcoAWoFEgNCUlVyBRIDQ09PQgEBSAGYAQI=&tfu=EgQIABABIgA&hl=en&curr=EUR
2026-10-05,BRU,in,2026-12-31,695,EUR,Brussels Airlines,nonstop,,400,https://www.google.com/travel/flights/search?tfs=GhwSCjIwMjYtMTItMzEoAWoFEgNCUlVyBRIDQ09PQgEBSAGYAQI=&tfu=EgQIABABIgA&hl=en&curr=EUR
2026-10-05,BRU,in,2027-01-05,700,EUR,Brussels Airlines,same-plane,ACC,470,https://www.google.com/travel/flights/search?tfs=GhwSCjIwMjctMDEtMDUoAWoFEgNCUlVyBRIDQ09PQgEBSAGYAQI=&tfu=EgQIABABIgA&hl=en&curr=EUR
2026-10-05,BRU,in,2027-01-09,700,EUR,Brussels Airlines,same-plane,ACC,470,https://www.google.com/travel/flights/search?tfs=GhwSCjIwMjctMDEtMDkoAWoFEgNCUlVyBRIDQ09PQgEBSAGYAQI=&tfu=EgQIABABIgA&hl=en&curr=EUR
2026-10-05,BRU,in,2027-01-12,700,EUR,Brussels Airlines,same-plane,ACC,470,https://www.google.com/travel/flights/search?tfs=GhwSCjIwMjctMDEtMTIoAWoFEgNCUlVyBRIDQ09PQgEBSAGYAQI=&tfu=EgQIABABIgA&hl=en&curr=EUR
2026-10-05,BRU,in,2027-01-16,700,EUR,Brussels Airlines,same-plane,ACC,470,https://www.google.com/travel/flights/search?tfs=GhwSCjIwMjctMDEtMTYoAWoFEgNCUlVyBRIDQ09PQgEBSAGYAQI=&tfu=EgQIABABIgA&hl=en&curr=EUR
2026-10-05,BRU,in,2027-01-17,700,EUR,Brussels Airlines,nonstop,,400,https://www.google.com/travel/flights/search?tfs=GhwSCjIwMjctMDEtMTcoAWoFEgNCUlVyBRIDQ09PQgEBSAGYAQI=&tfu=EgQIABABIgA&hl=en&curr=EUR
2026-10-05,BRU,in,2027-01-21,700,EUR,Brussels Airlines,nonstop,,400,https://www.google.com/travel/flights/search?tfs=GhwSCjIwMjctMDEtMjEoAWoFEgNCUlVyBRIDQ09PQgEBSAGYAQI=&tfu=EgQIABABIgA&hl=en&curr=EUR
2026-10-05,BRU,in,2027-01-24,700,EUR,Brussels Airlines,nonstop,,400,https://www.google.com/travel/flights/search?tfs=GhwSCjIwMjctMDEtMjQoAWoFEgNCUlVyBRIDQ09PQgEBSAGYAQI=&tfu=EgQIABABIgA&hl=en&curr=EUR
2026-10-05,BRU,in,2027-01-28,700,EUR,Brussels Airlines,nonstop,,400,https://www.google.com/travel/flights/search?tfs=GhwSCjIwMjctMDEtMjgoAWoFEgNCUlVyBRIDQ09PQgEBSAGYAQI=&tfu=EgQIABABIgA&hl=en&curr=EUR
2026-10-05,BRU,in,2027-02-02,700,EUR,Brussels Airlines,same-plane,ACC,470,https://www.google.com/travel/flights/search?tfs=GhwSCjIwMjctMDItMDIoAWoFEgNCUlVyBRIDQ09PQgEBSAGYAQI=&tfu=EgQIABABIgA&hl=en&curr=EUR
2026-10-05,BRU,in,2027-02-09,700,EUR,Brussels Airlines,same-plane,ACC,470,https://www.google.com/travel/flights/search?tfs=GhwSCjIwMjctMDItMDkoAWoFEgNCUlVyBRIDQ09PQgEBSAGYAQI=&tfu=EgQIABABIgA&hl=en&curr=EUR
2026-10-05,BRU,in,2027-02-13,700,EUR,Brussels Airlines,same-plane,ACC,470,https://www.google.com/travel/flights/search?tfs=GhwSCjIwMjctMDItMTMoAWoFEgNCUlVyBRIDQ09PQgEBSAGYAQI=&tfu=EgQIABABIgA&hl=en&curr=EUR
2026-10-05,BRU,in,2027-02-14,700,EUR,Brussels Airlines,nonstop,,400,https://www.google.com/travel/flights/search?tfs=GhwSCjIwMjctMDItMTQoAWoFEgNCUlVyBRIDQ09PQgEBSAGYAQI=&tfu=EgQIABABIgA&hl=en&curr=EUR
2026-10-05,BRU,in,2027-02-18,700,EUR,Brussels Airlines,nonstop,,400,https://www.google.com/travel/flights/search?tfs=GhwSCjIwMjctMDItMTgoAWoFEgNCUlVyBRIDQ09PQgEBSAGYAQI=&tfu=EgQIABABIgA&hl=en&curr=EUR
2026-10-05,BRU,in,2027-02-25,700,EUR,Brussels Airlines,nonstop,,400,https://www.google.com/travel/flights/search?tfs=GhwSCjIwMjctMDItMjUoAWoFEgNCUlVyBRIDQ09PQgEBSAGYAQI=&tfu=EgQIABABIgA&hl=en&curr=EUR
2026-10-05,BRU,in,2027-03-02,700,EUR,Brussels Airlines,same-plane,ACC,470,https://www.google.com/travel/flights/search?tfs=GhwSCjIwMjctMDMtMDIoAWoFEgNCUlVyBRIDQ09PQgEBSAGYAQI=&tfu=EgQIABABIgA&hl=en&curr=EUR
2026-10-05,BRU,in,2027-03-06,700,EUR,Brussels Airlines,same-plane,ACC,470,https://www.google.com/travel/flights/search?tfs=GhwSCjIwMjctMDMtMDYoAWoFEgNCUlVyBRIDQ09PQgEBSAGYAQI=&tfu=EgQIABABIgA&hl=en&curr=EUR
2026-10-05,BRU,in,2027-03-09,700,EUR,Brussels Airlines,same-plane,ACC,470,https://www.google.com/travel/flights/search?tfs=GhwSCjIwMjctMDMtMDkoAWoFEgNCUlVyBRIDQ09PQgEBSAGYAQI=&tfu=EgQIABABIgA&hl=en&curr=EUR
2026-10-05,CMN,out,2026-10-24,662,EUR,Royal Air Maroc,nonstop,,265,https://www.google.com/travel/flights/search?tfs=GhwSCjIwMjYtMTAtMjQoAWoFEgNDT09yBRIDQ01OQgEBSAGYAQI=&tfu=EgQIABABIgA&hl=en&curr=EUR
2026-10-05,CMN,out,2026-11-09,662,EUR,Royal Air Maroc,nonstop,,270,https://www.google.com/travel/flights/search?tfs=GhwSCjIwMjYtMTEtMDkoAWoFEgNDT09yBRIDQ01OQgEBSAGYAQI=&tfu=EgQIABABIgA&hl=en&curr=EUR
2026-10-05,CMN,out,2026-11-17,662,EUR,Royal Air Maroc,nonstop,,270,https://www.google.com/travel/flights/search?tfs=GhwSCjIwMjYtMTEtMTcoAWoFEgNDT09yBRIDQ01OQgEBSAGYAQI=&tfu=EgQIABABIgA&hl=en&curr=EUR
2026-10-05,CMN,out,2026-12-03,662,EUR,Royal Air Maroc,nonstop,,270,https://www.google.com/travel/flights/search?tfs=GhwSCjIwMjYtMTItMDMoAWoFEgNDT09yBRIDQ01OQgEBSAGYAQI=&tfu=EgQIABABIgA&hl=en&curr=EUR
2026-10-05,CMN,out,2026-12-19,662,EUR,Royal Air Maroc,nonstop,,270,https://www.google.com/travel/flights/search?tfs=GhwSCjIwMjYtMTItMTkoAWoFEgNDT09yBRIDQ01OQgEBSAGYAQI=&tfu=EgQIABABIgA&hl=en&curr=EUR
2026-10-05,CMN,out,2027-01-04,662,EUR,Royal Air Maroc,nonstop,,270,https://www.google.com/travel/flights/search?tfs=GhwSCjIwMjctMDEtMDQoAWoFEgNDT09yBRIDQ01OQgEBSAGYAQI=&tfu=EgQIABABIgA&hl=en&curr=EUR
2026-10-05,CMN,out,2027-01-12,662,EUR,Royal Air Maroc,nonstop,,270,https://www.google.com/travel/flights/search?tfs=GhwSCjIwMjctMDEtMTIoAWoFEgNDT09yBRIDQ01OQgEBSAGYAQI=&tfu=EgQIABABIgA&hl=en&curr=EUR
2026-10-05,CMN,in,2026-10-30,592,EUR,Royal Air Maroc,nonstop,,270,https://www.google.com/travel/flights/search?tfs=GhwSCjIwMjYtMTAtMzAoAWoFEgNDTU5yBRIDQ09PQgEBSAGYAQI=&tfu=EgQIABABIgA&hl=en&curr=EUR
2026-10-05,CMN,in,2026-11-15,592,EUR,Royal Air Maroc,nonstop,,270,https://www.google.com/travel/flights/search?tfs=GhwSCjIwMjYtMTEtMTUoAWoFEgNDTU5yBRIDQ09PQgEBSAGYAQI=&tfu=EgQIABABIgA&hl=en&curr=EUR
2026-10-05,CMN,in,2026-11-23,592,EUR,Royal Air Maroc,nonstop,,270,https://www.google.com/travel/flights/search?tfs=GhwSCjIwMjYtMTEtMjMoAWoFEgNDTU5yBRIDQ09PQgEBSAGYAQI=&tfu=EgQIABABIgA&hl=en&curr=EUR
2026-10-05,CMN,in,2026-12-09,592,EUR,Royal Air Maroc,nonstop,,270,https://www.google.com/travel/flights/search?tfs=GhwSCjIwMjYtMTItMDkoAWoFEgNDTU5yBRIDQ09PQgEBSAGYAQI=&tfu=EgQIABABIgA&hl=en&curr=EUR
2026-10-05,CMN,in,2026-12-25,592,EUR,Royal Air Maroc,nonstop,,270,https://www.google.com/travel/flights/search?tfs=GhwSCjIwMjYtMTItMjUoAWoFEgNDTU5yBRIDQ09PQgEBSAGYAQI=&tfu=EgQIABABIgA&hl=en&curr=EUR
2026-10-05,DSS,out,2026-10-16,385,EUR,Air Senegal,same-plane,ABJ,255,https://www.google.com/travel/flights/search?tfs=GhwSCjIwMjYtMTAtMTYoAWoFEgNDT09yBRIDRFNTQgEBSAGYAQI=&tfu=EgQIABABIgA&hl=en&curr=EUR
2026-10-05,DSS,out,2026-11-01,405,EUR,Air Senegal,same-plane,ABJ,255,https://www.google.com/travel/flights/search?tfs=GhwSCjIwMjYtMTEtMDEoAWoFEgNDT09yBRIDRFNTQgEBSAGYAQI=&tfu=EgQIABABIgA&hl=en&curr=EUR
2026-10-05,DSS,out,2026-11-09,385,EUR,Air Senegal,same-plane,ABJ,255,https://www.google.com/travel/flights/search?tfs=GhwSCjIwMjYtMTEtMDkoAWoFEgNDT09yBRIDRFNTQgEBSAGYAQI=&tfu=EgQIABABIgA&hl=en&curr=EUR
2026-10-05,DSS,out,2026-11-25,385,EUR,Air Senegal,same-plane,ABJ,255,https://www.google.com/travel/flights/search?tfs=GhwSCjIwMjYtMTEtMjUoAWoFEgNDT09yBRIDRFNTQgEBSAGYAQI=&tfu=EgQIABABIgA&hl=en&curr=EUR
2026-10-05,DSS,in,2026-10-30,320,EUR,Air Senegal,same-plane,ABJ,255,https://www.google.com/travel/flights/search?tfs=GhwSCjIwMjYtMTAtMzAoAWoFEgNEU1NyBRIDQ09PQgEBSAGYAQI=&tfu=EgQIABABIgA&hl=en&curr=EUR
2026-10-05,DSS,in,2026-11-15,350,EUR,Air Senegal,same-plane,ABJ,255,https://www.google.com/travel/flights/search?tfs=GhwSCjIwMjYtMTEtMTUoAWoFEgNEU1NyBRIDQ09PQgEBSAGYAQI=&tfu=EgQIABABIgA&hl=en&curr=EUR
2026-10-05,IST,out,2026-10-16,1395,EUR,Turkish Airlines,same-plane,ABJ,520,https://www.google.com/travel/flights/search?tfs=GhwSCjIwMjYtMTAtMTYoAWoFEgNDT09yBRIDSVNUQgEBSAGYAQI=&tfu=EgQIABABIgA&hl=en&curr=EUR
2026-10-05,IST,out,2026-10-24,673,EUR,Turkish Airlines,same-plane,ABJ,520,https://www.google.com/travel/flights/search?tfs=GhwSCjIwMjYtMTAtMjQoAWoFEgNDT09yBRIDSVNUQgEBSAGYAQI=&tfu=EgQIABABIgA&hl=en&curr=EUR
2026-10-05,IST,out,2026-11-09,626,EUR,Turkish Airlines,same-plane,ABJ,525,https://www.google.com/travel/flights/search?tfs=GhwSCjIwMjYtMTEtMDkoAWoFEgNDT09yBRIDSVNUQgEBSAGYAQI=&tfu=EgQIABABIgA&hl=en&curr=EUR
2026-10-05,IST,out,2026-11-25,626,EUR,Turkish Airlines,same-plane,ABJ,525,https://www.google.com/travel/flights/search?tfs=GhwSCjIwMjYtMTEtMjUoAWoFEgNDT09yBRIDSVNUQgEBSAGYAQI=&tfu=EgQIABABIgA&hl=en&curr=EUR
2026-10-05,IST,in,2026-10-30,691,EUR,Turkish Airlines,nonstop,,435,https://www.google.com/travel/flights/search?tfs=GhwSCjIwMjYtMTAtMzAoAWoFEgNJU1RyBRIDQ09PQgEBSAGYAQI=&tfu=EgQIABABIgA&hl=en&curr=EUR
2026-10-05,IST,in,2026-11-07,424,EUR,Turkish Airlines,nonstop,,435,https://www.google.com/travel/flights/search?tfs=GhwSCjIwMjYtMTEtMDcoAWoFEgNJU1RyBRIDQ09PQgEBSAGYAQI=&tfu=EgQIABABIgA&hl=en&curr=EUR
2026-10-05,IST,in,2026-11-23,691,EUR,Turkish Airlines,nonstop,,435,https://www.google.com/travel/flights/search?tfs=GhwSCjIwMjYtMTEtMjMoAWoFEgNJU1RyBRIDQ09PQgEBSAGYAQI=&tfu=EgQIABABIgA&hl=en&curr=EUR
2026-10-05,LBV,out,2026-10-16,401,EUR,Air Cote D'Ivoire,nonstop,,100,https://www.google.com/travel/flights/search?tfs=GhwSCjIwMjYtMTAtMTYoAWoFEgNDT09yBRIDTEJWQgEBSAGYAQI=&tfu=EgQIABABIgA&hl=en&curr=EUR
